query,source_tag,total_count,fetched_count,started_at,finished_at
topic:mcp-server,topic-mcp-server,16150,1000,2026-05-26 17:56:01,2026-05-26 17:57:09
topic:model-context-protocol,topic-model-context-protocol,10979,1000,2026-05-26 17:57:09,2026-05-26 17:58:15
topic:modelcontextprotocol,topic-modelcontextprotocol,613,613,2026-05-26 17:58:15,2026-05-26 17:58:54
org:modelcontextprotocol,org-mcp-reference,42,42,2026-05-26 17:58:54,2026-05-26 17:58:55
topic:mcp-server,topic-mcp-server,16352,1000,2026-05-29 14:24:50,2026-05-29 14:25:59
topic:model-context-protocol,topic-model-context-protocol,11270,1000,2026-05-29 14:25:59,2026-05-29 14:27:07
topic:modelcontextprotocol,topic-modelcontextprotocol,614,614,2026-05-29 14:27:07,2026-05-29 14:27:50
org:modelcontextprotocol,org-mcp-reference,42,42,2026-05-29 14:27:50,2026-05-29 14:27:51
topic:mcp-server,topic-mcp-server,16352,1000,2026-05-29 14:36:58,2026-05-29 14:38:08
topic:model-context-protocol,topic-model-context-protocol,11272,1000,2026-05-29 14:38:08,2026-05-29 14:39:20
topic:modelcontextprotocol,topic-modelcontextprotocol,614,614,2026-05-29 14:39:20,2026-05-29 14:40:01
org:modelcontextprotocol,org-mcp-reference,42,42,2026-05-29 14:40:01,2026-05-29 14:40:02
"mcp server in:name,description fork:false",name-desc-mcp-server,0,0,2026-05-29 14:40:02,2026-05-29 14:50:02
